"cod_com","nom_com","cod_pro","nom_pro","cod_reg","nom_reg"
"01101","IQUIQUE","011","IQUIQUE","01","REGIÓN DE TARAPACÁ"
"01107","ALTO HOSPICIO","011","IQUIQUE","01","REGIÓN DE TARAPACÁ"
"01401","POZO ALMONTE","014","TAMARUGAL","01","REGIÓN DE TARAPACÁ"
"01402","CAMIÑA","014","TAMARUGAL","01","REGIÓN DE TARAPACÁ"
"01403","COLCHANE","014","TAMARUGAL","01","REGIÓN DE TARAPACÁ"
"01404","HUARA","014","TAMARUGAL","01","REGIÓN DE TARAPACÁ"
"01405","PICA","014","TAMARUGAL","01","REGIÓN DE TARAPACÁ"
"02101","ANTOFAGASTA","021","ANTOFAGASTA","02","REGIÓN DE ANTOFAGASTA"
"02102","MEJILLONES","021","ANTOFAGASTA","02","REGIÓN DE ANTOFAGASTA"
"02103","SIERRA GORDA","021","ANTOFAGASTA","02","REGIÓN DE ANTOFAGASTA"
"02104","TALTAL","021","ANTOFAGASTA","02","REGIÓN DE ANTOFAGASTA"
"02201","CALAMA","022","EL LOA","02","REGIÓN DE ANTOFAGASTA"
"02202","OLLAGÜE","022","EL LOA","02","REGIÓN DE ANTOFAGASTA"
"02203","SAN PEDRO DE ATACAMA","022","EL LOA","02","REGIÓN DE ANTOFAGASTA"
"02301","TOCOPILLA","023","TOCOPILLA","02","REGIÓN DE ANTOFAGASTA"
"02302","MARÍA ELENA","023","TOCOPILLA","02","REGIÓN DE ANTOFAGASTA"
"03101","COPIAPÓ","031","COPIAPÓ","03","REGIÓN DE ATACAMA"
"03102","CALDERA","031","COPIAPÓ","03","REGIÓN DE ATACAMA"
"03103","TIERRA AMARILLA","031","COPIAPÓ","03","REGIÓN DE ATACAMA"
"03201","CHAÑARAL","032","CHAÑARAL","03","REGIÓN DE ATACAMA"
"03202","DIEGO DE ALMAGRO","032","CHAÑARAL","03","REGIÓN DE ATACAMA"
"03301","VALLENAR","033","HUASCO","03","REGIÓN DE ATACAMA"
"03302","ALTO DEL CARMEN","033","HUASCO","03","REGIÓN DE ATACAMA"
"03303","FREIRINA","033","HUASCO","03","REGIÓN DE ATACAMA"
"03304","HUASCO","033","HUASCO","03","REGIÓN DE ATACAMA"
"04101","LA SERENA","041","ELQUI","04","REGIÓN DE COQUIMBO"
"04102","COQUIMBO","041","ELQUI","04","REGIÓN DE COQUIMBO"
"04103","ANDACOLLO","041","ELQUI","04","REGIÓN DE COQUIMBO"
"04104","LA HIGUERA","041","ELQUI","04","REGIÓN DE COQUIMBO"
"04105","PAIGUANO","041","ELQUI","04","REGIÓN DE COQUIMBO"
"04106","VICUÑA","041","ELQUI","04","REGIÓN DE COQUIMBO"
"04201","ILLAPEL","042","CHOAPA","04","REGIÓN DE COQUIMBO"
"04202","CANELA","042","CHOAPA","04","REGIÓN DE COQUIMBO"
"04203","LOS VILOS","042","CHOAPA","04","REGIÓN DE COQUIMBO"
"04204","SALAMANCA","042","CHOAPA","04","REGIÓN DE COQUIMBO"
"04301","OVALLE","043","LIMARÍ","04","REGIÓN DE COQUIMBO"
"04302","COMBARBALÁ","043","LIMARÍ","04","REGIÓN DE COQUIMBO"
"04303","MONTE PATRIA","043","LIMARÍ","04","REGIÓN DE COQUIMBO"
"04304","PUNITAQUI","043","LIMARÍ","04","REGIÓN DE COQUIMBO"
"04305","RÍO HURTADO","043","LIMARÍ","04","REGIÓN DE COQUIMBO"
"05101","VALPARAÍSO","051","VALPARAÍSO","05","REGIÓN DE VALPARAÍSO"
"05102","CASABLANCA","051","VALPARAÍSO","05","REGIÓN DE VALPARAÍSO"
"05103","CONCÓN","051","VALPARAÍSO","05","REGIÓN DE VALPARAÍSO"
"05105","PUCHUNCAVÍ","051","VALPARAÍSO","05","REGIÓN DE VALPARAÍSO"
"05107","QUINTERO","051","VALPARAÍSO","05","REGIÓN DE VALPARAÍSO"
"05109","VIÑA DEL MAR","051","VALPARAÍSO","05","REGIÓN DE VALPARAÍSO"
"05301","LOS ANDES","053","LOS ANDES","05","REGIÓN DE VALPARAÍSO"
"05302","CALLE LARGA","053","LOS ANDES","05","REGIÓN DE VALPARAÍSO"
"05303","RINCONADA","053","LOS ANDES","05","REGIÓN DE VALPARAÍSO"
"05304","SAN ESTEBAN","053","LOS ANDES","05","REGIÓN DE VALPARAÍSO"
"05401","LA LIGUA","054","PETORCA","05","REGIÓN DE VALPARAÍSO"
"05402","CABILDO","054","PETORCA","05","REGIÓN DE VALPARAÍSO"
"05403","PAPUDO","054","PETORCA","05","REGIÓN DE VALPARAÍSO"
"05404","PETORCA","054","PETORCA","05","REGIÓN DE VALPARAÍSO"
"05405","ZAPALLAR","054","PETORCA","05","REGIÓN DE VALPARAÍSO"
"05501","QUILLOTA","055","QUILLOTA","05","REGIÓN DE VALPARAÍSO"
"05502","CALERA","055","QUILLOTA","05","REGIÓN DE VALPARAÍSO"
"05503","HIJUELAS","055","QUILLOTA","05","REGIÓN DE VALPARAÍSO"
"05504","LA CRUZ","055","QUILLOTA","05","REGIÓN DE VALPARAÍSO"
"05506","NOGALES","055","QUILLOTA","05","REGIÓN DE VALPARAÍSO"
"05601","SAN ANTONIO","056","SAN ANTONIO","05","REGIÓN DE VALPARAÍSO"
"05602","ALGARROBO","056","SAN ANTONIO","05","REGIÓN DE VALPARAÍSO"
"05603","CARTAGENA","056","SAN ANTONIO","05","REGIÓN DE VALPARAÍSO"
"05604","EL QUISCO","056","SAN ANTONIO","05","REGIÓN DE VALPARAÍSO"
"05605","EL TABO","056","SAN ANTONIO","05","REGIÓN DE VALPARAÍSO"
"05606","SANTO DOMINGO","056","SAN ANTONIO","05","REGIÓN DE VALPARAÍSO"
"05701","SAN FELIPE","057","SAN FELIPE DE ACONCAGUA","05","REGIÓN DE VALPARAÍSO"
"05702","CATEMU","057","SAN FELIPE DE ACONCAGUA","05","REGIÓN DE VALPARAÍSO"
"05703","LLAILLAY","057","SAN FELIPE DE ACONCAGUA","05","REGIÓN DE VALPARAÍSO"
"05704","PANQUEHUE","057","SAN FELIPE DE ACONCAGUA","05","REGIÓN DE VALPARAÍSO"
"05705","PUTAENDO","057","SAN FELIPE DE ACONCAGUA","05","REGIÓN DE VALPARAÍSO"
"05706","SANTA MARÍA","057","SAN FELIPE DE ACONCAGUA","05","REGIÓN DE VALPARAÍSO"
"05801","QUILPUÉ","058","MARGA MARGA","05","REGIÓN DE VALPARAÍSO"
"05802","LIMACHE","058","MARGA MARGA","05","REGIÓN DE VALPARAÍSO"
"05803","OLMUÉ","058","MARGA MARGA","05","REGIÓN DE VALPARAÍSO"
"05804","VILLA ALEMANA","058","MARGA MARGA","05","REGIÓN DE VALPARAÍSO"
"06101","RANCAGUA","061","CACHAPOAL","06","REGIÓN DEL LIBERTADOR GENERAL BERNARDO O'HIGGINS"
"06102","CODEGUA","061","CACHAPOAL","06","REGIÓN DEL LIBERTADOR GENERAL BERNARDO O'HIGGINS"
"06103","COINCO","061","CACHAPOAL","06","REGIÓN DEL LIBERTADOR GENERAL BERNARDO O'HIGGINS"
"06104","COLTAUCO","061","CACHAPOAL","06","REGIÓN DEL LIBERTADOR GENERAL BERNARDO O'HIGGINS"
"06105","DOÑIHUE","061","CACHAPOAL","06","REGIÓN DEL LIBERTADOR GENERAL BERNARDO O'HIGGINS"
"06106","GRANEROS","061","CACHAPOAL","06","REGIÓN DEL LIBERTADOR GENERAL BERNARDO O'HIGGINS"
"06107","LAS CABRAS","061","CACHAPOAL","06","REGIÓN DEL LIBERTADOR GENERAL BERNARDO O'HIGGINS"
"06108","MACHALÍ","061","CACHAPOAL","06","REGIÓN DEL LIBERTADOR GENERAL BERNARDO O'HIGGINS"
"06109","MALLOA","061","CACHAPOAL","06","REGIÓN DEL LIBERTADOR GENERAL BERNARDO O'HIGGINS"
"06110","MOSTAZAL","061","CACHAPOAL","06","REGIÓN DEL LIBERTADOR GENERAL BERNARDO O'HIGGINS"
"06111","OLIVAR","061","CACHAPOAL","06","REGIÓN DEL LIBERTADOR GENERAL BERNARDO O'HIGGINS"
"06112","PEUMO","061","CACHAPOAL","06","REGIÓN DEL LIBERTADOR GENERAL BERNARDO O'HIGGINS"
"06113","PICHIDEGUA","061","CACHAPOAL","06","REGIÓN DEL LIBERTADOR GENERAL BERNARDO O'HIGGINS"
"06114","QUINTA DE TILCOCO","061","CACHAPOAL","06","REGIÓN DEL LIBERTADOR GENERAL BERNARDO O'HIGGINS"
"06115","RENGO","061","CACHAPOAL","06","REGIÓN DEL LIBERTADOR GENERAL BERNARDO O'HIGGINS"
"06116","REQUÍNOA","061","CACHAPOAL","06","REGIÓN DEL LIBERTADOR GENERAL BERNARDO O'HIGGINS"
"06117","SAN VICENTE","061","CACHAPOAL","06","REGIÓN DEL LIBERTADOR GENERAL BERNARDO O'HIGGINS"
"06201","PICHILEMU","062","CARDENAL CARO","06","REGIÓN DEL LIBERTADOR GENERAL BERNARDO O'HIGGINS"
"06202","LA ESTRELLA","062","CARDENAL CARO","06","REGIÓN DEL LIBERTADOR GENERAL BERNARDO O'HIGGINS"
"06203","LITUECHE","062","CARDENAL CARO","06","REGIÓN DEL LIBERTADOR GENERAL BERNARDO O'HIGGINS"
"06204","MARCHIHUE","062","CARDENAL CARO","06","REGIÓN DEL LIBERTADOR GENERAL BERNARDO O'HIGGINS"
"06205","NAVIDAD","062","CARDENAL CARO","06","REGIÓN DEL LIBERTADOR GENERAL BERNARDO O'HIGGINS"
"06206","PAREDONES","062","CARDENAL CARO","06","REGIÓN DEL LIBERTADOR GENERAL BERNARDO O'HIGGINS"
"06301","SAN FERNANDO","063","COLCHAGUA","06","REGIÓN DEL LIBERTADOR GENERAL BERNARDO O'HIGGINS"
"06302","CHÉPICA","063","COLCHAGUA","06","REGIÓN DEL LIBERTADOR GENERAL BERNARDO O'HIGGINS"
"06303","CHIMBARONGO","063","COLCHAGUA","06","REGIÓN DEL LIBERTADOR GENERAL BERNARDO O'HIGGINS"
"06304","LOLOL","063","COLCHAGUA","06","REGIÓN DEL LIBERTADOR GENERAL BERNARDO O'HIGGINS"
"06305","NANCAGUA","063","COLCHAGUA","06","REGIÓN DEL LIBERTADOR GENERAL BERNARDO O'HIGGINS"
"06306","PALMILLA","063","COLCHAGUA","06","REGIÓN DEL LIBERTADOR GENERAL BERNARDO O'HIGGINS"
"06307","PERALILLO","063","COLCHAGUA","06","REGIÓN DEL LIBERTADOR GENERAL BERNARDO O'HIGGINS"
"06308","PLACILLA","063","COLCHAGUA","06","REGIÓN DEL LIBERTADOR GENERAL BERNARDO O'HIGGINS"
"06309","PUMANQUE","063","COLCHAGUA","06","REGIÓN DEL LIBERTADOR GENERAL BERNARDO O'HIGGINS"
"06310","SANTA CRUZ","063","COLCHAGUA","06","REGIÓN DEL LIBERTADOR GENERAL BERNARDO O'HIGGINS"
"07101","TALCA","071","TALCA","07","REGIÓN DEL MAULE"
"07102","CONSTITUCIÓN","071","TALCA","07","REGIÓN DEL MAULE"
"07103","CUREPTO","071","TALCA","07","REGIÓN DEL MAULE"
"07104","EMPEDRADO","071","TALCA","07","REGIÓN DEL MAULE"
"07105","MAULE","071","TALCA","07","REGIÓN DEL MAULE"
"07106","PELARCO","071","TALCA","07","REGIÓN DEL MAULE"
"07107","PENCAHUE","071","TALCA","07","REGIÓN DEL MAULE"
"07108","RÍO CLARO","071","TALCA","07","REGIÓN DEL MAULE"
"07109","SAN CLEMENTE","071","TALCA","07","REGIÓN DEL MAULE"
"07110","SAN RAFAEL","071","TALCA","07","REGIÓN DEL MAULE"
"07201","CAUQUENES","072","CAUQUENES","07","REGIÓN DEL MAULE"
"07202","CHANCO","072","CAUQUENES","07","REGIÓN DEL MAULE"
"07203","PELLUHUE","072","CAUQUENES","07","REGIÓN DEL MAULE"
"07301","CURICÓ","073","CURICÓ","07","REGIÓN DEL MAULE"
"07302","HUALAÑÉ","073","CURICÓ","07","REGIÓN DEL MAULE"
"07303","LICANTÉN","073","CURICÓ","07","REGIÓN DEL MAULE"
"07304","MOLINA","073","CURICÓ","07","REGIÓN DEL MAULE"
"07305","RAUCO","073","CURICÓ","07","REGIÓN DEL MAULE"
"07306","ROMERAL","073","CURICÓ","07","REGIÓN DEL MAULE"
"07307","SAGRADA FAMILIA","073","CURICÓ","07","REGIÓN DEL MAULE"
"07308","TENO","073","CURICÓ","07","REGIÓN DEL MAULE"
"07309","VICHUQUÉN","073","CURICÓ","07","REGIÓN DEL MAULE"
"07401","LINARES","074","LINARES","07","REGIÓN DEL MAULE"
"07402","COLBÚN","074","LINARES","07","REGIÓN DEL MAULE"
"07403","LONGAVÍ","074","LINARES","07","REGIÓN DEL MAULE"
"07404","PARRAL","074","LINARES","07","REGIÓN DEL MAULE"
"07405","RETIRO","074","LINARES","07","REGIÓN DEL MAULE"
"07406","SAN JAVIER","074","LINARES","07","REGIÓN DEL MAULE"
"07407","VILLA ALEGRE","074","LINARES","07","REGIÓN DEL MAULE"
"07408","YERBAS BUENAS","074","LINARES","07","REGIÓN DEL MAULE"
"08101","CONCEPCIÓN","081","CONCEPCIÓN","08","REGIÓN DEL BIOBÍO"
"08102","CORONEL","081","CONCEPCIÓN","08","REGIÓN DEL BIOBÍO"
"08103","CHIGUAYANTE","081","CONCEPCIÓN","08","REGIÓN DEL BIOBÍO"
"08104","FLORIDA","081","CONCEPCIÓN","08","REGIÓN DEL BIOBÍO"
"08105","HUALQUI","081","CONCEPCIÓN","08","REGIÓN DEL BIOBÍO"
"08106","LOTA","081","CONCEPCIÓN","08","REGIÓN DEL BIOBÍO"
"08107","PENCO","081","CONCEPCIÓN","08","REGIÓN DEL BIOBÍO"
"08108","SAN PEDRO DE LA PAZ","081","CONCEPCIÓN","08","REGIÓN DEL BIOBÍO"
"08109","SANTA JUANA","081","CONCEPCIÓN","08","REGIÓN DEL BIOBÍO"
"08110","TALCAHUANO","081","CONCEPCIÓN","08","REGIÓN DEL BIOBÍO"
"08111","TOMÉ","081","CONCEPCIÓN","08","REGIÓN DEL BIOBÍO"
"08112","HUALPÉN","081","CONCEPCIÓN","08","REGIÓN DEL BIOBÍO"
"08201","LEBU","082","ARAUCO","08","REGIÓN DEL BIOBÍO"
"08202","ARAUCO","082","ARAUCO","08","REGIÓN DEL BIOBÍO"
"08203","CAÑETE","082","ARAUCO","08","REGIÓN DEL BIOBÍO"
"08204","CONTULMO","082","ARAUCO","08","REGIÓN DEL BIOBÍO"
"08205","CURANILAHUE","082","ARAUCO","08","REGIÓN DEL BIOBÍO"
"08206","LOS ÁLAMOS","082","ARAUCO","08","REGIÓN DEL BIOBÍO"
"08207","TIRÚA","082","ARAUCO","08","REGIÓN DEL BIOBÍO"
"08301","LOS ÁNGELES","083","BIOBÍO","08","REGIÓN DEL BIOBÍO"
"08302","ANTUCO","083","BIOBÍO","08","REGIÓN DEL BIOBÍO"
"08303","CABRERO","083","BIOBÍO","08","REGIÓN DEL BIOBÍO"
"08304","LAJA","083","BIOBÍO","08","REGIÓN DEL BIOBÍO"
"08305","MULCHÉN","083","BIOBÍO","08","REGIÓN DEL BIOBÍO"
"08306","NACIMIENTO","083","BIOBÍO","08","REGIÓN DEL BIOBÍO"
"08307","NEGRETE","083","BIOBÍO","08","REGIÓN DEL BIOBÍO"
"08308","QUILACO","083","BIOBÍO","08","REGIÓN DEL BIOBÍO"
"08309","QUILLECO","083","BIOBÍO","08","REGIÓN DEL BIOBÍO"
"08310","SAN ROSENDO","083","BIOBÍO","08","REGIÓN DEL BIOBÍO"
"08311","SANTA BÁRBARA","083","BIOBÍO","08","REGIÓN DEL BIOBÍO"
"08312","TUCAPEL","083","BIOBÍO","08","REGIÓN DEL BIOBÍO"
"08313","YUMBEL","083","BIOBÍO","08","REGIÓN DEL BIOBÍO"
"08314","ALTO BIOBÍO","083","BIOBÍO","08","REGIÓN DEL BIOBÍO"
"09101","TEMUCO","091","CAUTÍN","09","REGIÓN DE LA ARAUCANÍA"
"09102","CARAHUE","091","CAUTÍN","09","REGIÓN DE LA ARAUCANÍA"
"09103","CUNCO","091","CAUTÍN","09","REGIÓN DE LA ARAUCANÍA"
"09104","CURARREHUE","091","CAUTÍN","09","REGIÓN DE LA ARAUCANÍA"
"09105","FREIRE","091","CAUTÍN","09","REGIÓN DE LA ARAUCANÍA"
"09106","GALVARINO","091","CAUTÍN","09","REGIÓN DE LA ARAUCANÍA"
"09107","GORBEA","091","CAUTÍN","09","REGIÓN DE LA ARAUCANÍA"
"09108","LAUTARO","091","CAUTÍN","09","REGIÓN DE LA ARAUCANÍA"
"09109","LONCOCHE","091","CAUTÍN","09","REGIÓN DE LA ARAUCANÍA"
"09110","MELIPEUCO","091","CAUTÍN","09","REGIÓN DE LA ARAUCANÍA"
"09111","NUEVA IMPERIAL","091","CAUTÍN","09","REGIÓN DE LA ARAUCANÍA"
"09112","PADRE LAS CASAS","091","CAUTÍN","09","REGIÓN DE LA ARAUCANÍA"
"09113","PERQUENCO","091","CAUTÍN","09","REGIÓN DE LA ARAUCANÍA"
"09114","PITRUFQUÉN","091","CAUTÍN","09","REGIÓN DE LA ARAUCANÍA"
"09115","PUCÓN","091","CAUTÍN","09","REGIÓN DE LA ARAUCANÍA"
"09116","SAAVEDRA","091","CAUTÍN","09","REGIÓN DE LA ARAUCANÍA"
"09117","TEODORO SCHMIDT","091","CAUTÍN","09","REGIÓN DE LA ARAUCANÍA"
"09118","TOLTÉN","091","CAUTÍN","09","REGIÓN DE LA ARAUCANÍA"
"09119","VILCÚN","091","CAUTÍN","09","REGIÓN DE LA ARAUCANÍA"
"09120","VILLARRICA","091","CAUTÍN","09","REGIÓN DE LA ARAUCANÍA"
"09121","CHOLCHOL","091","CAUTÍN","09","REGIÓN DE LA ARAUCANÍA"
"09201","ANGOL","092","MALLECO","09","REGIÓN DE LA ARAUCANÍA"
"09202","COLLIPULLI","092","MALLECO","09","REGIÓN DE LA ARAUCANÍA"
"09203","CURACAUTÍN","092","MALLECO","09","REGIÓN DE LA ARAUCANÍA"
"09204","ERCILLA","092","MALLECO","09","REGIÓN DE LA ARAUCANÍA"
"09205","LONQUIMAY","092","MALLECO","09","REGIÓN DE LA ARAUCANÍA"
"09206","LOS SAUCES","092","MALLECO","09","REGIÓN DE LA ARAUCANÍA"
"09207","LUMACO","092","MALLECO","09","REGIÓN DE LA ARAUCANÍA"
"09208","PURÉN","092","MALLECO","09","REGIÓN DE LA ARAUCANÍA"
"09209","RENAICO","092","MALLECO","09","REGIÓN DE LA ARAUCANÍA"
"09210","TRAIGUÉN","092","MALLECO","09","REGIÓN DE LA ARAUCANÍA"
"09211","VICTORIA","092","MALLECO","09","REGIÓN DE LA ARAUCANÍA"
"10101","PUERTO MONTT","101","LLANQUIHUE","10","REGIÓN DE LOS LAGOS"
"10102","CALBUCO","101","LLANQUIHUE","10","REGIÓN DE LOS LAGOS"
"10103","COCHAMÓ","101","LLANQUIHUE","10","REGIÓN DE LOS LAGOS"
"10104","FRESIA","101","LLANQUIHUE","10","REGIÓN DE LOS LAGOS"
"10105","FRUTILLAR","101","LLANQUIHUE","10","REGIÓN DE LOS LAGOS"
"10106","LOS MUERMOS","101","LLANQUIHUE","10","REGIÓN DE LOS LAGOS"
"10107","LLANQUIHUE","101","LLANQUIHUE","10","REGIÓN DE LOS LAGOS"
"10108","MAULLÍN","101","LLANQUIHUE","10","REGIÓN DE LOS LAGOS"
"10109","PUERTO VARAS","101","LLANQUIHUE","10","REGIÓN DE LOS LAGOS"
"10201","CASTRO","102","CHILOÉ","10","REGIÓN DE LOS LAGOS"
"10202","ANCUD","102","CHILOÉ","10","REGIÓN DE LOS LAGOS"
"10203","CHONCHI","102","CHILOÉ","10","REGIÓN DE LOS LAGOS"
"10204","CURACO DE VÉLEZ","102","CHILOÉ","10","REGIÓN DE LOS LAGOS"
"10205","DALCAHUE","102","CHILOÉ","10","REGIÓN DE LOS LAGOS"
"10206","PUQUELDÓN","102","CHILOÉ","10","REGIÓN DE LOS LAGOS"
"10207","QUEILÉN","102","CHILOÉ","10","REGIÓN DE LOS LAGOS"
"10208","QUELLÓN","102","CHILOÉ","10","REGIÓN DE LOS LAGOS"
"10209","QUEMCHI","102","CHILOÉ","10","REGIÓN DE LOS LAGOS"
"10210","QUINCHAO","102","CHILOÉ","10","REGIÓN DE LOS LAGOS"
"10301","OSORNO","103","OSORNO","10","REGIÓN DE LOS LAGOS"
"10302","PUERTO OCTAY","103","OSORNO","10","REGIÓN DE LOS LAGOS"
"10303","PURRANQUE","103","OSORNO","10","REGIÓN DE LOS LAGOS"
"10304","PUYEHUE","103","OSORNO","10","REGIÓN DE LOS LAGOS"
"10305","RÍO NEGRO","103","OSORNO","10","REGIÓN DE LOS LAGOS"
"10306","SAN JUAN DE LA COSTA","103","OSORNO","10","REGIÓN DE LOS LAGOS"
"10307","SAN PABLO","103","OSORNO","10","REGIÓN DE LOS LAGOS"
"10401","CHAITÉN","104","PALENA","10","REGIÓN DE LOS LAGOS"
"10402","FUTALEUFÚ","104","PALENA","10","REGIÓN DE LOS LAGOS"
"10403","HUALAIHUÉ","104","PALENA","10","REGIÓN DE LOS LAGOS"
"10404","PALENA","104","PALENA","10","REGIÓN DE LOS LAGOS"
"11101","COYHAIQUE","111","COYHAIQUE","11","REGIÓN DE AYSÉN DEL GENERAL CARLOS IBÁÑEZ DEL CAMPO"
"11102","LAGO VERDE","111","COYHAIQUE","11","REGIÓN DE AYSÉN DEL GENERAL CARLOS IBÁÑEZ DEL CAMPO"
"11201","AYSÉN","112","AYSÉN","11","REGIÓN DE AYSÉN DEL GENERAL CARLOS IBÁÑEZ DEL CAMPO"
"11202","CISNES","112","AYSÉN","11","REGIÓN DE AYSÉN DEL GENERAL CARLOS IBÁÑEZ DEL CAMPO"
"11203","GUAITECAS","112","AYSÉN","11","REGIÓN DE AYSÉN DEL GENERAL CARLOS IBÁÑEZ DEL CAMPO"
"11301","COCHRANE","113","CAPITÁN PRAT","11","REGIÓN DE AYSÉN DEL GENERAL CARLOS IBÁÑEZ DEL CAMPO"
"11302","O'HIGGINS","113","CAPITÁN PRAT","11","REGIÓN DE AYSÉN DEL GENERAL CARLOS IBÁÑEZ DEL CAMPO"
"11303","TORTEL","113","CAPITÁN PRAT","11","REGIÓN DE AYSÉN DEL GENERAL CARLOS IBÁÑEZ DEL CAMPO"
"11401","CHILE CHICO","114","GENERAL CARRERA","11","REGIÓN DE AYSÉN DEL GENERAL CARLOS IBÁÑEZ DEL CAMPO"
"11402","RÍO IBÁÑEZ","114","GENERAL CARRERA","11","REGIÓN DE AYSÉN DEL GENERAL CARLOS IBÁÑEZ DEL CAMPO"
"12101","PUNTA ARENAS","121","MAGALLANES","12","REGIÓN DE MAGALLANES Y DE LA ANTÁRTICA CHILENA"
"12102","LAGUNA BLANCA","121","MAGALLANES","12","REGIÓN DE MAGALLANES Y DE LA ANTÁRTICA CHILENA"
"12103","RÍO VERDE","121","MAGALLANES","12","REGIÓN DE MAGALLANES Y DE LA ANTÁRTICA CHILENA"
"12104","SAN GREGORIO","121","MAGALLANES","12","REGIÓN DE MAGALLANES Y DE LA ANTÁRTICA CHILENA"
"12201","CABO DE HORNOS","122","ANTÁRTICA CHILENA","12","REGIÓN DE MAGALLANES Y DE LA ANTÁRTICA CHILENA"
"12301","PORVENIR","123","TIERRA DEL FUEGO","12","REGIÓN DE MAGALLANES Y DE LA ANTÁRTICA CHILENA"
"12302","PRIMAVERA","123","TIERRA DEL FUEGO","12","REGIÓN DE MAGALLANES Y DE LA ANTÁRTICA CHILENA"
"12303","TIMAUKEL","123","TIERRA DEL FUEGO","12","REGIÓN DE MAGALLANES Y DE LA ANTÁRTICA CHILENA"
"12401","NATALES","124","ÚLTIMA ESPERANZA","12","REGIÓN DE MAGALLANES Y DE LA ANTÁRTICA CHILENA"
"12402","TORRES DEL PAINE","124","ÚLTIMA ESPERANZA","12","REGIÓN DE MAGALLANES Y DE LA ANTÁRTICA CHILENA"
"13101","SANTIAGO","131","SANTIAGO","13","REGIÓN METROPOLITANA DE SANTIAGO"
"13102","CERRILLOS","131","SANTIAGO","13","REGIÓN METROPOLITANA DE SANTIAGO"
"13103","CERRO NAVIA","131","SANTIAGO","13","REGIÓN METROPOLITANA DE SANTIAGO"
"13104","CONCHALÍ","131","SANTIAGO","13","REGIÓN METROPOLITANA DE SANTIAGO"
"13105","EL BOSQUE","131","SANTIAGO","13","REGIÓN METROPOLITANA DE SANTIAGO"
"13106","ESTACIÓN CENTRAL","131","SANTIAGO","13","REGIÓN METROPOLITANA DE SANTIAGO"
"13107","HUECHURABA","131","SANTIAGO","13","REGIÓN METROPOLITANA DE SANTIAGO"
"13108","INDEPENDENCIA","131","SANTIAGO","13","REGIÓN METROPOLITANA DE SANTIAGO"
"13109","LA CISTERNA","131","SANTIAGO","13","REGIÓN METROPOLITANA DE SANTIAGO"
"13110","LA FLORIDA","131","SANTIAGO","13","REGIÓN METROPOLITANA DE SANTIAGO"
"13111","LA GRANJA","131","SANTIAGO","13","REGIÓN METROPOLITANA DE SANTIAGO"
"13112","LA PINTANA","131","SANTIAGO","13","REGIÓN METROPOLITANA DE SANTIAGO"
"13113","LA REINA","131","SANTIAGO","13","REGIÓN METROPOLITANA DE SANTIAGO"
"13114","LAS CONDES","131","SANTIAGO","13","REGIÓN METROPOLITANA DE SANTIAGO"
"13115","LO BARNECHEA","131","SANTIAGO","13","REGIÓN METROPOLITANA DE SANTIAGO"
"13116","LO ESPEJO","131","SANTIAGO","13","REGIÓN METROPOLITANA DE SANTIAGO"
"13117","LO PRADO","131","SANTIAGO","13","REGIÓN METROPOLITANA DE SANTIAGO"
"13118","MACUL","131","SANTIAGO","13","REGIÓN METROPOLITANA DE SANTIAGO"
"13119","MAIPÚ","131","SANTIAGO","13","REGIÓN METROPOLITANA DE SANTIAGO"
"13120","ÑUÑOA","131","SANTIAGO","13","REGIÓN METROPOLITANA DE SANTIAGO"
"13121","PEDRO AGUIRRE CERDA","131","SANTIAGO","13","REGIÓN METROPOLITANA DE SANTIAGO"
"13122","PEÑALOLÉN","131","SANTIAGO","13","REGIÓN METROPOLITANA DE SANTIAGO"
"13123","PROVIDENCIA","131","SANTIAGO","13","REGIÓN METROPOLITANA DE SANTIAGO"
"13124","PUDAHUEL","131","SANTIAGO","13","REGIÓN METROPOLITANA DE SANTIAGO"
"13125","QUILICURA","131","SANTIAGO","13","REGIÓN METROPOLITANA DE SANTIAGO"
"13126","QUINTA NORMAL","131","SANTIAGO","13","REGIÓN METROPOLITANA DE SANTIAGO"
"13127","RECOLETA","131","SANTIAGO","13","REGIÓN METROPOLITANA DE SANTIAGO"
"13128","RENCA","131","SANTIAGO","13","REGIÓN METROPOLITANA DE SANTIAGO"
"13129","SAN JOAQUÍN","131","SANTIAGO","13","REGIÓN METROPOLITANA DE SANTIAGO"
"13130","SAN MIGUEL","131","SANTIAGO","13","REGIÓN METROPOLITANA DE SANTIAGO"
"13131","SAN RAMÓN","131","SANTIAGO","13","REGIÓN METROPOLITANA DE SANTIAGO"
"13132","VITACURA","131","SANTIAGO","13","REGIÓN METROPOLITANA DE SANTIAGO"
"13201","PUENTE ALTO","132","CORDILLERA","13","REGIÓN METROPOLITANA DE SANTIAGO"
"13202","PIRQUE","132","CORDILLERA","13","REGIÓN METROPOLITANA DE SANTIAGO"
"13203","SAN JOSÉ DE MAIPO","132","CORDILLERA","13","REGIÓN METROPOLITANA DE SANTIAGO"
"13301","COLINA","133","CHACABUCO","13","REGIÓN METROPOLITANA DE SANTIAGO"
"13302","LAMPA","133","CHACABUCO","13","REGIÓN METROPOLITANA DE SANTIAGO"
"13303","TILTIL","133","CHACABUCO","13","REGIÓN METROPOLITANA DE SANTIAGO"
"13401","SAN BERNARDO","134","MAIPO","13","REGIÓN METROPOLITANA DE SANTIAGO"
"13402","BUIN","134","MAIPO","13","REGIÓN METROPOLITANA DE SANTIAGO"
"13403","CALERA DE TANGO","134","MAIPO","13","REGIÓN METROPOLITANA DE SANTIAGO"
"13404","PAINE","134","MAIPO","13","REGIÓN METROPOLITANA DE SANTIAGO"
"13501","MELIPILLA","135","MELIPILLA","13","REGIÓN METROPOLITANA DE SANTIAGO"
"13502","ALHUÉ","135","MELIPILLA","13","REGIÓN METROPOLITANA DE SANTIAGO"
"13503","CURACAVÍ","135","MELIPILLA","13","REGIÓN METROPOLITANA DE SANTIAGO"
"13504","MARÍA PINTO","135","MELIPILLA","13","REGIÓN METROPOLITANA DE SANTIAGO"
"13505","SAN PEDRO","135","MELIPILLA","13","REGIÓN METROPOLITANA DE SANTIAGO"
"13601","TALAGANTE","136","TALAGANTE","13","REGIÓN METROPOLITANA DE SANTIAGO"
"13602","EL MONTE","136","TALAGANTE","13","REGIÓN METROPOLITANA DE SANTIAGO"
"13603","ISLA DE MAIPO","136","TALAGANTE","13","REGIÓN METROPOLITANA DE SANTIAGO"
"13604","PADRE HURTADO","136","TALAGANTE","13","REGIÓN METROPOLITANA DE SANTIAGO"
"13605","PEÑAFLOR","136","TALAGANTE","13","REGIÓN METROPOLITANA DE SANTIAGO"
"14101","VALDIVIA","141","VALDIVIA","14","REGIÓN DE LOS RÍOS"
"14102","CORRAL","141","VALDIVIA","14","REGIÓN DE LOS RÍOS"
"14103","LANCO","141","VALDIVIA","14","REGIÓN DE LOS RÍOS"
"14104","LOS LAGOS","141","VALDIVIA","14","REGIÓN DE LOS RÍOS"
"14105","MÁFIL","141","VALDIVIA","14","REGIÓN DE LOS RÍOS"
"14106","MARIQUINA","141","VALDIVIA","14","REGIÓN DE LOS RÍOS"
"14107","PAILLACO","141","VALDIVIA","14","REGIÓN DE LOS RÍOS"
"14108","PANGUIPULLI","141","VALDIVIA","14","REGIÓN DE LOS RÍOS"
"14201","LA UNIÓN","142","RANCO","14","REGIÓN DE LOS RÍOS"
"14202","FUTRONO","142","RANCO","14","REGIÓN DE LOS RÍOS"
"14203","LAGO RANCO","142","RANCO","14","REGIÓN DE LOS RÍOS"
"14204","RÍO BUENO","142","RANCO","14","REGIÓN DE LOS RÍOS"
"15101","ARICA","151","ARICA","15","REGIÓN DE ARICA Y PARINACOTA"
"15102","CAMARONES","151","ARICA","15","REGIÓN DE ARICA Y PARINACOTA"
"15201","PUTRE","152","PARINACOTA","15","REGIÓN DE ARICA Y PARINACOTA"
"15202","GENERAL LAGOS","152","PARINACOTA","15","REGIÓN DE ARICA Y PARINACOTA"
"16101","CHILLÁN","161","DIGUILLÍN","16","REGIÓN DE ÑUBLE"
"16102","BULNES","161","DIGUILLÍN","16","REGIÓN DE ÑUBLE"
"16103","CHILLÁN VIEJO","161","DIGUILLÍN","16","REGIÓN DE ÑUBLE"
"16104","EL CARMEN","161","DIGUILLÍN","16","REGIÓN DE ÑUBLE"
"16105","PEMUCO","161","DIGUILLÍN","16","REGIÓN DE ÑUBLE"
"16106","PINTO","161","DIGUILLÍN","16","REGIÓN DE ÑUBLE"
"16107","QUILLÓN","161","DIGUILLÍN","16","REGIÓN DE ÑUBLE"
"16108","SAN IGNACIO","161","DIGUILLÍN","16","REGIÓN DE ÑUBLE"
"16109","YUNGAY","161","DIGUILLÍN","16","REGIÓN DE ÑUBLE"
"16201","QUIRIHUE","162","ITATA","16","REGIÓN DE ÑUBLE"
"16202","COBQUECURA","162","ITATA","16","REGIÓN DE ÑUBLE"
"16203","COELEMU","162","ITATA","16","REGIÓN DE ÑUBLE"
"16204","NINHUE","162","ITATA","16","REGIÓN DE ÑUBLE"
"16205","PORTEZUELO","162","ITATA","16","REGIÓN DE ÑUBLE"
"16206","RÁNQUIL","162","ITATA","16","REGIÓN DE ÑUBLE"
"16207","TREGUACO","162","ITATA","16","REGIÓN DE ÑUBLE"
"16301","SAN CARLOS","163","PUNILLA","16","REGIÓN DE ÑUBLE"
"16302","COIHUECO","163","PUNILLA","16","REGIÓN DE ÑUBLE"
"16303","ÑIQUÉN","163","PUNILLA","16","REGIÓN DE ÑUBLE"
"16304","SAN FABIÁN","163","PUNILLA","16","REGIÓN DE ÑUBLE"
"16305","SAN NICOLÁS","163","PUNILLA","16","REGIÓN DE ÑUBLE"
